stream,event,method,response_rel,response_error_rms,reference_response_rms,total_action_rel,total_error_rms,reference_action_rms,request_rows
A,R1,mean,0.6435735026309745,0.010097654051385909,0.01568997792809365,0.8001035039965703,0.012553606317896579,0.01568997792809365,606
A,R1,paired025,0.5519704221129635,0.008660403739912934,0.01568997792809365,0.8032127102550238,0.012602389695465606,0.01568997792809365,606
A,R1,sample_current,0.43343778798034516,0.006800629326613351,0.01568997792809365,1.260171877896932,0.01977206894980719,0.01568997792809365,606
A,R1,full_target_ridge,0.0,0.0,0.01568997792809365,0.0,0.0,0.01568997792809365,606
A,R2,mean,0.3440251896209035,0.00634984647793221,0.01845750447788252,0.5810348641561209,0.010724453606967464,0.01845750447788252,1010
A,R2,paired025,0.29889810494014085,0.00551691311036325,0.01845750447788252,0.5800168664098628,0.010705663909007433,0.01845750447788252,1010
A,R2,sample_current,0.27490792460062535,0.005074114249321433,0.01845750447788252,0.9194303552238174,0.016970389898644727,0.01845750447788252,1010
A,R2,full_target_ridge,0.0,0.0,0.01845750447788252,0.0,0.0,0.01845750447788252,1010
B,R1,mean,0.6469083384613921,0.010131008154076287,0.015660654766287127,0.8219155478937382,0.012871735642607565,0.015660654766287127,606
B,R1,paired025,0.5545403572622796,0.008684465089058086,0.015660654766287127,0.8285073453282006,0.012974967506517977,0.015660654766287127,606
B,R1,sample_current,0.43486615963409203,0.0068102887955706235,0.015660654766287127,1.2998738719407383,0.020356875948180825,0.015660654766287127,606
B,R1,full_target_ridge,0.0,0.0,0.015660654766287127,0.0,0.0,0.015660654766287127,606
B,R2,mean,0.34563559205316,0.006349416682654772,0.0183702628682934,0.5947588909751523,0.010925877170468203,0.0183702628682934,1010
B,R2,paired025,0.30134267472884574,0.005535744148203531,0.0183702628682934,0.5956834194408851,0.010942861001412936,0.0183702628682934,1010
B,R2,sample_current,0.2819517665678637,0.005179528068031356,0.0183702628682934,0.9514635300989253,0.017478635157511645,0.0183702628682934,1010
B,R2,full_target_ridge,0.0,0.0,0.0183702628682934,0.0,0.0,0.0183702628682934,1010
C,R1,mean,0.6332422436200522,0.010186541845319518,0.01608632706985272,0.8165920065554191,0.013135966100077787,0.01608632706985272,606
C,R1,paired025,0.5470610605361585,0.008800203146965144,0.01608632706985272,0.815081659791772,0.013111670168048867,0.01608632706985272,606
C,R1,sample_current,0.43287404044156963,0.006963353394591742,0.01608632706985272,1.2363478817673008,0.019888296398228398,0.01608632706985272,606
C,R1,full_target_ridge,0.0,0.0,0.01608632706985272,0.0,0.0,0.01608632706985272,606
C,R2,mean,0.33783835153865266,0.00635405429284369,0.01880797210827235,0.5829999962638429,0.010965047668853244,0.01880797210827235,1010
C,R2,paired025,0.29600756119444377,0.005567301954782821,0.01880797210827235,0.5807644591070923,0.01092300174836207,0.01880797210827235,1010
C,R2,sample_current,0.27491908054410935,0.005170670398905488,0.01880797210827235,0.891453449454161,0.01676643161315704,0.01880797210827235,1010
C,R2,full_target_ridge,0.0,0.0,0.01880797210827235,0.0,0.0,0.01880797210827235,1010
