dataset,event,method,L,A_c,endpoint_score_rms
CIFAR-100N,R1,mean,0.5079967414564367,0.7372039559130641,0.023425365781905374
CIFAR-100N,R1,paired025,0.47833668827135434,0.7625646022976273,0.023322778653716
CIFAR-100N,R1,sample_current,0.6081819229146332,1.3386228655993916,0.03933286650345923
CIFAR-100N,R2,mean,0.292306629057404,0.5325601681134549,0.014438075350803136
CIFAR-100N,R2,paired025,0.2788939010445478,0.5543182366741732,0.01379973545664888
CIFAR-100N,R2,sample_current,0.3617252401592085,0.9534065100571938,0.021522021362381
Food-101 ABC mean,R1,mean,0.6412413615708062,0.8128703528152424,0.022392130509023972
Food-101 ABC mean,R1,paired025,0.5511906133038006,0.8156005717916655,0.02223810346381819
Food-101 ABC mean,R1,sample_current,0.43372599601866896,1.2654645438683236,0.03443144292565104
Food-101 ABC mean,R2,mean,0.3424997110709054,0.5862645837983721,0.016267248257605286
Food-101 ABC mean,R2,paired025,0.2987494469544768,0.58548824831928,0.015494196016564363
Food-101 ABC mean,R2,sample_current,0.27725959057086613,0.9207824449256347,0.022920928144685073
